{
    "@class": "com.kony.gen.viz.model.component.KVizButton",
    "DNDConfig": null,
    "__parentReadjusting__": false,
    "_enabled_": false,
    "_height_": {
        "type": "string",
        "value": "40%"
    },
    "_margin_": [
        6,
        6,
        6,
        6
    ],
    "_padding_": [
        0,
        0,
        0,
        0
    ],
    "_render_": true,
    "_right_": {
        "type": "string",
        "value": "7dp"
    },
    "_skin_": "s7fcaddf95a142beb8775f2a55566133",
    "_text_": "",
    "_top_": {
        "type": "string",
        "value": "32%"
    },
    "_width_": {
        "type": "string",
        "value": "70dp"
    },
    "canUpdateUI": true,
    "containerweight": 100,
    "contentalignment": 5,
    "displaytext": true,
    "focusskin": "s7fcaddf95a142beb8775f2a55566133",
    "id": "btnLogout",
    "ide_onClick": "AS_Button_80b8d034a55549c5ae72f76855cbf8ff",
    "info": null,
    "isvisible": true,
    "kuid": "174a6f9b90fe4d1193b55ba143328ae1",
    "name": "kony.ui.Button",
    "onclick": "AS_Button_80b8d034a55549c5ae72f76855cbf8ff",
    "parent": "fcTitle",
    "pf": "frmDetails",
    "wType": "Button",
    "widgetalignment": 5,
    "zindex": 10
}