{
    "@class": "com.kony.gen.viz.model.component.KVizButton",
    "DNDConfig": null,
    "__parentReadjusting__": false,
    "_enabled_": false,
    "_height_": {
        "type": "string",
        "value": "65%"
    },
    "_margin_": [
        6,
        6,
        6,
        6
    ],
    "_padding_": [
        0,
        0,
        0,
        0
    ],
    "_render_": true,
    "_skin_": "s5caf4d408bb44edbb82b91e6ff8dc11",
    "_text_": "",
    "_width_": {
        "type": "string",
        "value": "62%"
    },
    "canUpdateUI": true,
    "centerx": {
        "type": "string",
        "value": "50%"
    },
    "centery": {
        "type": "string",
        "value": "50%"
    },
    "containerweight": 100,
    "contentalignment": 5,
    "displaytext": true,
    "focusskin": "s5caf4d408bb44edbb82b91e6ff8dc11",
    "id": "btnRate",
    "info": null,
    "isvisible": true,
    "kuid": "122864c88ff24e828d87a12a49ca9875",
    "name": "kony.ui.Button",
    "parent": "fcBtnrate",
    "pf": "frmDetails",
    "wType": "Button",
    "widgetalignment": 5,
    "zindex": 10
}