{
    "@class": "com.kony.gen.viz.model.component.KVizLabel",
    "DNDConfig": null,
    "__parentReadjusting__": false,
    "_height_": {
        "type": "string",
        "value": "50%"
    },
    "_left_": {
        "type": "string",
        "value": "-0.01%"
    },
    "_margin_": [
        1,
        1,
        1,
        1
    ],
    "_padding_": [
        0,
        0,
        0,
        0
    ],
    "_render_": true,
    "_skin_": "s6dad682e2fb4e42845eb92adab3e68e",
    "_text_": "Rs. 1250 for 2 people",
    "_top_": {
        "type": "string",
        "value": "50.00%"
    },
    "_width_": {
        "type": "string",
        "value": "100%"
    },
    "_wrapping_": 2,
    "canUpdateUI": true,
    "containerweight": 100,
    "contentalignment": 1,
    "enabled": false,
    "id": "CopylblCuisinesDetails0b742884ef22f43",
    "info": null,
    "ipad": {
        "psp": {
            "wrapping": 2
        }
    },
    "iphone": {
        "psp": {
            "wrapping": 2
        }
    },
    "isvisible": true,
    "kuid": "d1abecdc7d2c495492d726cefb38c69c",
    "name": "kony.ui.Label",
    "parent": "fcCost",
    "pf": "frmDetails",
    "tooltip": "",
    "wType": "Label",
    "widgetalignment": 5,
    "zindex": 1
}