{
    "DNDConfig": null,
    "__parentReadjusting__": false,
    "_height_": {
        "type": "string",
        "value": "49%"
    },
    "_left_": {
        "type": "string",
        "value": "3%"
    },
    "_margin_": [
        0,
        0,
        0,
        0
    ],
    "_padding_": [
        0,
        0,
        0,
        0
    ],
    "_render_": true,
    "_skin_": "s4f017ed309a499eb0c21235e28f53dd",
    "_top_": {
        "type": "string",
        "value": "51%"
    },
    "_width_": {
        "type": "string",
        "value": "97%"
    },
    "allboxes": [],
    "autogrowmode": 0,
    "canUpdateUI": true,
    "children": [
        "CopylblCusines0386b0e110fbf40",
        "lblAddress",
        "btnMap"
    ],
    "clipbounds": true,
    "containerweight": 100,
    "enabled": false,
    "enablescrolling": true,
    "id": "fcAddress",
    "info": null,
    "isvisible": true,
    "kuid": "7a0bd72247c24f8787368f8dd132efb2",
    "layouttype": 2,
    "name": "kony.ui.FlexContainer",
    "orientation": 6,
    "parent": "fcResDetailsContainer",
    "percent": true,
    "pf": "frmDetails",
    "snapgridsize": 10,
    "snaptogrid": true,
    "wType": "FlexContainer",
    "widgetalignment": 1
}