{
    "DNDConfig": null,
    "__parentReadjusting__": false,
    "_height_": {
        "type": "string",
        "value": "86%"
    },
    "_left_": {
        "type": "string",
        "value": "0dp"
    },
    "_margin_": [
        0,
        0,
        0,
        0
    ],
    "_padding_": [
        0,
        0,
        0,
        0
    ],
    "_render_": true,
    "_skin_": "s9bf40c1918e452ba896b3f9fc73bef9",
    "_top_": {
        "type": "string",
        "value": "16%"
    },
    "_width_": {
        "type": "string",
        "value": "100%"
    },
    "allboxes": [],
    "autogrowmode": 0,
    "canUpdateUI": true,
    "children": [
        "fcResDetailsContainer"
    ],
    "clipbounds": true,
    "containerweight": 100,
    "enabled": false,
    "enablescrolling": true,
    "id": "FlexContainer01dc4e76c44b04f",
    "info": null,
    "isvisible": true,
    "kuid": "b04578941dad4033ad003636c33e2286",
    "layouttype": 2,
    "name": "kony.ui.FlexContainer",
    "orientation": 6,
    "parent": "fcResDetails",
    "percent": true,
    "pf": "frmDetails",
    "snapgridsize": 10,
    "snaptogrid": true,
    "wType": "FlexContainer",
    "widgetalignment": 1,
    "zindex": 1
}