{
    "@class": "com.kony.gen.viz.model.container.KVizScrollFlexForm",
    "DNDConfig": null,
    "_margin_": [
        0,
        0,
        0,
        0
    ],
    "_padding_": [
        0,
        0,
        0,
        0
    ],
    "_render_": true,
    "_skin_": "s4c239ca064c41f29fafc526d710bcd6",
    "_title_": "Details",
    "addWidgetsdone": false,
    "allboxes": [],
    "android": {
        "needAppMenu": false
    },
    "canUpdateUI": true,
    "children": [
        "fcTitle",
        "fcFrmDetailsContainer"
    ],
    "containerweight": 100,
    "contentoffsetx": 0,
    "contentoffsety": 0,
    "contentsizeheight": 0,
    "contentsizewidth": 0,
    "currentLocale": null,
    "desktopweb": {
        "needAppMenu": false
    },
    "device": "GalaxyS5",
    "disabledSkins": {
        "menuNormalSkin": "s022080a14dd40cda4e250c21494af71"
    },
    "displayorientation": 1,
    "enabled": false,
    "enabledforidletimeout": false,
    "id": "frmDetails",
    "info": null,
    "initdone": false,
    "inputaccessoryviewtype": 4,
    "ipad": {
        "psp": {
            "inputAccessoryViewType": 4
        }
    },
    "iphone": {
        "needAppMenu": false,
        "psp": {
            "inputAccessoryViewType": 4,
            "titleBarConfig": {
                "buttonClosureLeftSideView": "",
                "buttonClosureRightSideView": "",
                "buttonText": "",
                "imageLeftSideView": "back.png",
                "imageRightSideView": "logout.png",
                "leftButtonText": "",
                "leftTitle": "Back",
                "prevFormTitle": false,
                "renderTitleText": true,
                "rightTitle": "Edit",
                "titleBarLeftSideView": "button",
                "titleBarRightSideView": "button",
                "titleClosureLeftSideView": "",
                "titleClosureRightSideView": "",
                "visible": false
            }
        },
        "titleBar": false
    },
    "isvisible": true,
    "kuid": "40b26f389604409aa94b1fc472e8be29",
    "layouttype": 2,
    "name": "kony.ui.Form2",
    "needappmenu": true,
    "orientation": 1,
    "paddinginpixel": false,
    "percent": true,
    "platform": "android",
    "prevDevice": "GalaxyS4",
    "prevPlatform": "iphone",
    "retainscrollposition": false,
    "shellCSS": "and_GalaxyS5",
    "snapgridsize": 10,
    "snaptogrid": true,
    "spaan": {
        "needAppMenu": false
    },
    "spabb": {
        "needAppMenu": false
    },
    "spaip": {
        "needAppMenu": false
    },
    "spawinphone8": {
        "needAppMenu": false
    },
    "titleBarSkin": "sf4e9c0e12b141698a1823eef22b7e95",
    "titlebar": false,
    "type": 3,
    "wType": "Form",
    "widgetalignment": 5,
    "winphone8": {
        "needAppMenu": false
    }
}