{
    "@class": "com.kony.gen.viz.model.component.KVizImage2",
    "DNDConfig": null,
    "__parentReadjusting__": false,
    "_base64_": null,
    "_height_": {
        "type": "string",
        "value": "45%"
    },
    "_left_": {
        "type": "string",
        "value": "0%"
    },
    "_margin_": [
        0,
        0,
        0,
        0
    ],
    "_padding_": [
        0,
        0,
        0,
        0
    ],
    "_render_": true,
    "_skin_": "s7266d3a030f4486ab5b5225a3e8f492",
    "_src_": "details_image.png",
    "_top_": {
        "type": "string",
        "value": "0%"
    },
    "_width_": {
        "type": "string",
        "value": "100%"
    },
    "canUpdateUI": true,
    "containerweight": 100,
    "context": {
        "channel": "mobile",
        "formID": "frmDetails",
        "ispercent": true,
        "platform": "android",
        "templateType": "forms",
        "topLevelBox": null
    },
    "enabled": false,
    "id": "imgRestaurent",
    "imagescalemode": 1,
    "info": null,
    "invokedProperty": "src",
    "ispercent": true,
    "isvisible": true,
    "kuid": "8035630122ff4d2aa111f69f018b6b7f",
    "name": "kony.ui.Image2",
    "parent": "fcFrmDetailsContainer",
    "pf": "frmDetails",
    "srcType": 1,
    "wType": "Image",
    "widgetalignment": 5
}