{
    "@class": "com.kony.gen.viz.model.component.KVizLabel",
    "DNDConfig": null,
    "__parentReadjusting__": false,
    "_height_": {
        "type": "string",
        "value": "4%"
    },
    "_left_": {
        "type": "string",
        "value": "15dp"
    },
    "_margin_": [
        1,
        1,
        1,
        1
    ],
    "_padding_": [
        0,
        0,
        0,
        0
    ],
    "_render_": true,
    "_skin_": "s56fc185c4d94b5d8275c5784733327a",
    "_text_": "4.6",
    "_top_": {
        "type": "string",
        "value": "115dp"
    },
    "_width_": {
        "type": "string",
        "value": "8%"
    },
    "_wrapping_": 2,
    "canUpdateUI": true,
    "containerweight": 100,
    "contentalignment": 5,
    "enabled": false,
    "id": "lblRating",
    "info": null,
    "ipad": {
        "psp": {
            "wrapping": 2
        }
    },
    "iphone": {
        "psp": {
            "wrapping": 2
        }
    },
    "isvisible": true,
    "kuid": "e919aba6fee1447e816a5268c4aae616",
    "name": "kony.ui.Label",
    "parent": "fcFrmDetailsContainer",
    "pf": "frmDetails",
    "tooltip": "",
    "wType": "Label",
    "widgetalignment": 5,
    "zindex": 1
}