{
    "@class": "com.kony.gen.viz.model.component.KVizLabel",
    "DNDConfig": null,
    "__parentReadjusting__": false,
    "_height_": {
        "type": "ref",
        "value": "preferred"
    },
    "_left_": {
        "type": "string",
        "value": "15dp"
    },
    "_margin_": [
        1,
        1,
        1,
        1
    ],
    "_padding_": [
        0,
        0,
        0,
        0
    ],
    "_render_": true,
    "_skin_": "s0758ad4ce30450481351de40691ef2b",
    "_text_": "Label",
    "_top_": {
        "type": "string",
        "value": "27dp"
    },
    "_width_": {
        "type": "ref",
        "value": "preferred"
    },
    "_wrapping_": 2,
    "canUpdateUI": true,
    "containerweight": 100,
    "contentalignment": 4,
    "enabled": false,
    "id": "lblResName",
    "info": null,
    "ipad": {
        "psp": {
            "wrapping": 2
        }
    },
    "iphone": {
        "psp": {
            "wrapping": 2
        }
    },
    "isvisible": true,
    "kuid": "5aac7f895fea48e4a5b4d2f0df8a5ed1",
    "name": "kony.ui.Label",
    "parent": "fcFrmDetailsContainer",
    "pf": "frmDetails",
    "tooltip": "",
    "wType": "Label",
    "widgetalignment": 5,
    "zindex": 1
}