{
    "DNDConfig": null,
    "_height_": {
        "type": "string",
        "value": "60dp"
    },
    "_margin_": [
        0,
        0,
        0,
        0
    ],
    "_padding_": [
        0,
        0,
        0,
        0
    ],
    "_render_": true,
    "_width_": {
        "type": "string",
        "value": "100%"
    },
    "allboxes": [],
    "autogrowmode": 0,
    "canUpdateUI": true,
    "children": [],
    "clipbounds": true,
    "containerId": true,
    "containerweight": 100,
    "enabled": false,
    "enablescrolling": true,
    "id": "FBox064a1b8498c1348",
    "info": null,
    "isGeneratedTemplate": true,
    "isTemplate": true,
    "isvisible": true,
    "kuid": "30805474319b40bd90bdf015dc789306",
    "layouttype": 2,
    "name": "kony.ui.FlexContainer",
    "orientation": 6,
    "percent": true,
    "pf": "FBox064a1b8498c1348",
    "snapgridsize": 10,
    "snaptogrid": true,
    "wType": "FlexContainer",
    "widgetalignment": 1
}