{
    "DNDConfig": null,
    "__parentReadjusting__": false,
    "_height_": {
        "type": "string",
        "value": "69dp"
    },
    "_margin_": [
        0,
        0,
        0,
        0
    ],
    "_padding_": [
        0,
        0,
        0,
        0
    ],
    "_render_": true,
    "_right_": {
        "type": "string",
        "value": "0dp"
    },
    "_skin_": "s6323010ff8647d6b9b984cd9a3c438b",
    "_top_": {
        "type": "string",
        "value": "0dp"
    },
    "_width_": {
        "type": "string",
        "value": "20%"
    },
    "allboxes": [],
    "autogrowmode": 0,
    "canUpdateUI": true,
    "children": [
        "imgDelete"
    ],
    "clipbounds": true,
    "containerId": true,
    "containerweight": 100,
    "enabled": false,
    "enablescrolling": true,
    "id": "FlexContainerDeleteBtn",
    "ide_onClick": "AS_FlexContainer_bc024898cde84b94b16f917d8ab94faf",
    "info": null,
    "isSegmentChild": false,
    "isvisible": true,
    "kuid": "038c1cd701cf45d9880812299689b23a",
    "layouttype": 2,
    "name": "kony.ui.FlexContainer",
    "onclick": "AS_FlexContainer_bc024898cde84b94b16f917d8ab94faf",
    "orientation": 6,
    "parent": "FlexContainerFavorite",
    "percent": true,
    "pf": "favTemplate",
    "snapgridsize": 10,
    "snaptogrid": true,
    "wType": "FlexContainer",
    "widgetalignment": 1,
    "zindex": 1
}