{
    "DNDConfig": null,
    "_height_": {
        "type": "string",
        "value": "70dp"
    },
    "_margin_": [
        0,
        0,
        0,
        0
    ],
    "_padding_": [
        0,
        0,
        0,
        0
    ],
    "_render_": true,
    "_skin_": "s35615a574064534b4718407c596bcf1",
    "allboxes": [],
    "autogrowmode": 0,
    "canUpdateUI": true,
    "children": [
        "lblLine",
        "fcResDetails",
        "FlexContainerDeleteBtn",
        "FlexContainerMoreBtn"
    ],
    "clipbounds": true,
    "containerId": true,
    "containerweight": 100,
    "enabled": false,
    "enablescrolling": true,
    "id": "FlexContainerFavorite",
    "info": null,
    "isSegmentChild": false,
    "isTemplate": true,
    "isvisible": true,
    "kuid": "0a5f99b8b7a64b32b7604679e7b02808",
    "layouttype": 2,
    "name": "kony.ui.FlexContainer",
    "orientation": 6,
    "parent": "favTemplate",
    "percent": true,
    "pf": "favTemplate",
    "snapgridsize": 10,
    "snaptogrid": true,
    "wType": "FlexContainer",
    "widgetalignment": 1
}