{
    "@class": "com.kony.gen.viz.model.component.KVizImage2",
    "DNDConfig": null,
    "__parentReadjusting__": false,
    "_base64_": null,
    "_height_": {
        "type": "ref",
        "value": "preferred"
    },
    "_margin_": [
        0,
        0,
        0,
        0
    ],
    "_padding_": [
        0,
        0,
        0,
        0
    ],
    "_render_": true,
    "_right_": {
        "type": "string",
        "value": "0%"
    },
    "_skin_": "s20cc00db3d44b0aac52504f4c78322f",
    "_src_": "more.png",
    "_top_": {
        "type": "string",
        "value": "0dp"
    },
    "_width_": {
        "type": "string",
        "value": "100%"
    },
    "canUpdateUI": true,
    "containerId": true,
    "containerweight": 100,
    "context": {
        "channel": "mobile",
        "platform": "android",
        "templateType": "segments",
        "topLevelBox": null
    },
    "enabled": false,
    "id": "imgMore",
    "imagescalemode": 1,
    "info": null,
    "invokedProperty": "src",
    "isvisible": true,
    "kuid": "8ec06dcaf6d04da3b88be805216a145f",
    "name": "kony.ui.Image2",
    "parent": "FlexContainerMoreBtn",
    "pf": "favTemplate",
    "srcType": 1,
    "wType": "Image",
    "widgetalignment": 5
}