{
    "@class": "com.kony.gen.viz.model.component.KVizImage2",
    "DNDConfig": null,
    "__parentReadjusting__": false,
    "_base64_": null,
    "_bottom_": {
        "type": "string",
        "value": "8dp"
    },
    "_left_": {
        "type": "string",
        "value": "0dp"
    },
    "_margin_": [
        0,
        0,
        0,
        0
    ],
    "_padding_": [
        0,
        0,
        0,
        0
    ],
    "_render_": true,
    "_skin_": "s7266d3a030f4486ab5b5225a3e8f492",
    "_src_": "imagedrag.png",
    "_top_": {
        "type": "string",
        "value": "8dp"
    },
    "_width_": {
        "type": "string",
        "value": "25%"
    },
    "android": {
        "render": true
    },
    "canUpdateUI": true,
    "containerId": true,
    "containerweight": 100,
    "context": {
        "channel": "mobile",
        "formID": "favTemplate",
        "platform": "android",
        "templateType": "segments",
        "topLevelBox": null
    },
    "enabled": false,
    "id": "imgResIcon",
    "imagescalemode": 1,
    "info": null,
    "iphone": {
        "render": true
    },
    "isvisible": true,
    "kuid": "371000ae2671495f8a09ae208507849c",
    "name": "kony.ui.Image2",
    "parent": "fcResDetails",
    "pf": "favTemplate",
    "spaan": {
        "render": true
    },
    "spabb": {
        "render": true
    },
    "spaip": {
        "render": true
    },
    "spawinphone8": {
        "render": true
    },
    "srcType": 1,
    "wType": "Image",
    "widgetalignment": 5,
    "winphone8": {
        "render": true
    }
}