{
    "@class": "com.kony.gen.viz.model.component.KVizLabel",
    "DNDConfig": null,
    "__parentReadjusting__": false,
    "_bottom_": {
        "type": "string",
        "value": "0dp"
    },
    "_height_": {
        "type": "string",
        "value": "1dp"
    },
    "_left_": {
        "type": "string",
        "value": "5%"
    },
    "_margin_": [
        1,
        1,
        1,
        1
    ],
    "_padding_": [
        0,
        0,
        0,
        0
    ],
    "_render_": true,
    "_skin_": "sd22ede19b9441fa85f8bb2d65c0ebce",
    "_text_": "",
    "_width_": {
        "type": "string",
        "value": "95%"
    },
    "_wrapping_": 2,
    "android": {
        "render": true
    },
    "canUpdateUI": true,
    "containerId": true,
    "containerweight": 100,
    "contentalignment": 4,
    "enabled": false,
    "id": "lblLine",
    "info": null,
    "ipad": {
        "psp": {
            "wrapping": 2
        }
    },
    "iphone": {
        "psp": {
            "wrapping": 2
        },
        "render": true
    },
    "isSegmentChild": false,
    "isvisible": true,
    "kuid": "3495ce29b6a14906947290bba0c20f4c",
    "name": "kony.ui.Label",
    "parent": "FlexContainerFavorite",
    "pf": "favTemplate",
    "spaan": {
        "render": true
    },
    "spabb": {
        "render": true
    },
    "spaip": {
        "render": true
    },
    "spawinphone8": {
        "render": true
    },
    "tooltip": "",
    "wType": "Label",
    "widgetalignment": 5,
    "winphone8": {
        "render": true
    },
    "zindex": 1
}