{
    "@class": "com.kony.gen.viz.model.component.KVizLabel",
    "DNDConfig": null,
    "__parentReadjusting__": false,
    "_height_": {
        "type": "string",
        "value": "28dp"
    },
    "_left_": {
        "type": "string",
        "value": "24%"
    },
    "_margin_": [
        1,
        1,
        1,
        1
    ],
    "_padding_": [
        0,
        0,
        0,
        0
    ],
    "_render_": true,
    "_skin_": "s6dad682e2fb4e42845eb92adab3e68e",
    "_text_": "Dominos Pizza",
    "_top_": {
        "type": "string",
        "value": "0dp"
    },
    "_width_": {
        "type": "string",
        "value": "79%"
    },
    "_wrapping_": 2,
    "android": {
        "render": true
    },
    "canUpdateUI": true,
    "containerId": true,
    "containerweight": 100,
    "contentalignment": 4,
    "enabled": false,
    "id": "lblResName",
    "info": null,
    "ipad": {
        "psp": {
            "wrapping": 2
        }
    },
    "iphone": {
        "psp": {
            "wrapping": 2
        },
        "render": true
    },
    "isvisible": true,
    "kuid": "a23fb7cc84634ea49fa0c7601a9a333d",
    "name": "kony.ui.Label",
    "parent": "fcResDetails",
    "pf": "favTemplate",
    "spaan": {
        "render": true
    },
    "spabb": {
        "render": true
    },
    "spaip": {
        "render": true
    },
    "spawinphone8": {
        "render": true
    },
    "tooltip": "",
    "wType": "Label",
    "widgetalignment": 5,
    "winphone8": {
        "render": true
    },
    "zindex": 1
}