{
    "AS_Button_eca2998968164527addd369d01ff55af": {
        "id": "AS_Button_eca2998968164527addd369d01ff55af",
        "type": "ACTION_SEQUENCE",
        "language": "js",
        "actions": [{
            "id": "NAVIGATE_TO_FORM__ide_onClick_b3fa7addd0274759a22d9fa6ec5cc41a",
            "type": "NAVIGATE_TO_FORM",
            "formId": "frmHome",
            "formKUID": "37680ca2c04e4806a51d8d2b12f736eb",
            "mappings": {},
            "mappingsOrder": [],
            "parentId": "",
            "callbackType": null,
            "enableMappingEditor": true
        }]
    }
}