{
    "AS_Button_0db48114e4724fdfa4ee4aa816e9b983": {
        "id": "AS_Button_0db48114e4724fdfa4ee4aa816e9b983",
        "type": "ACTION_SEQUENCE",
        "language": "js",
        "actions": [{
            "id": "NAVIGATE_TO_FORM___5e2370bc3ea944a0aee4f4b741281457",
            "type": "NAVIGATE_TO_FORM",
            "formId": "frmHome",
            "formKUID": "37680ca2c04e4806a51d8d2b12f736eb",
            "mappings": {},
            "mappingsOrder": [],
            "parentId": "",
            "callbackType": null,
            "enableMappingEditor": true
        }]
    }
}