{
    "AS_Button_22e8acb8adc447c6af2cf12b3878f275": {
        "id": "AS_Button_22e8acb8adc447c6af2cf12b3878f275",
        "type": "ACTION_SEQUENCE",
        "params": [{
            "datatype": "collection",
            "name": "eventobject"
        }],
        "contextObj": {
            "name": "Form00a240e66adfc4e",
            "type": "forms",
            "platform": null,
            "KUID": "cd0622d57cea4aa5a0e9fd618fc4dda5"
        },
        "language": "js",
        "actions": [{
            "id": "NAVIGATE_TO_FORM___51e67420bbe345c18ad439c9e77e0223",
            "type": "NAVIGATE_TO_FORM",
            "formKUID": "e2c7f25ece8843aeabbfef0f32530566",
            "mappings": {},
            "mappingsOrder": [],
            "parentId": "",
            "callbackType": null,
            "enableMappingEditor": true
        }]
    }
}