{
    "AS_Button_1d68940a89594958a42bacc12f78bb08": {
        "id": "AS_Button_1d68940a89594958a42bacc12f78bb08",
        "type": "ACTION_SEQUENCE",
        "language": "js",
        "actions": [{
            "id": "INVOKE_FUNCTION___2830ab0dad6a4b1db4b40ff55105e4e9",
            "type": "INVOKE_FUNCTION",
            "sequenceKUID": "removeRestaurents",
            "display": "removeRestaurents",
            "inputparams": [],
            "parentId": null,
            "callbackType": null
        }]
    }
}