{
    "AS_Form_24f504db645f4df0a3e742c828e241b5": {
        "id": "AS_Form_24f504db645f4df0a3e742c828e241b5",
        "type": "ACTION_SEQUENCE",
        "language": "js",
        "actions": [{
            "id": "INVOKE_FUNCTION___eff0540db8ec4a0f8dc0a3ad9e3255ae",
            "type": "INVOKE_FUNCTION",
            "sequenceKUID": "animateLoginWidget1",
            "display": "animateLoginWidget1",
            "inputparams": [],
            "parentId": null,
            "callbackType": null
        }]
    }
}