{
    "AS_Form_cc6d3719edab4037807254f5a17c49d2": {
        "id": "AS_Form_cc6d3719edab4037807254f5a17c49d2",
        "type": "ACTION_SEQUENCE",
        "contextObj": {
            "name": "frmLogin",
            "type": "forms",
            "platform": "",
            "KUID": "412c778f25424689962af76fbfac1efc"
        },
        "language": "js",
        "actions": [{
            "id": "ADD_SNIPPET__7aaee2277f1a4395addb5b5df0e5245e",
            "type": "ADD_SNIPPET",
            "codeSnippet": "kony.application.setApplicationBehaviors({\n        applyMarginPaddingInBCGMode: false,\n        adherePercentageStrictly: true,\n        retainSpaceOnHide: true,\n        marginsIncludedInWidgetContainerWeight: true,\n        APILevel: 6800,\n  hideDefaultLoadingIndicator:true,\n    })",
            "parentId": null,
            "callbackType": null
        }]
    }
}