{
    "AS_TitleBar_030774e7928a4470868971424d994218": {
        "id": "AS_TitleBar_030774e7928a4470868971424d994218",
        "type": "ACTION_SEQUENCE",
        "language": "js",
        "actions": [{
            "id": "INVOKE_FUNCTION___76ec8cff57e8467e9e1bcdf89fe50a49",
            "type": "INVOKE_FUNCTION",
            "sequenceKUID": "setRestaurents",
            "display": "setRestaurents",
            "inputparams": [],
            "parentId": null,
            "callbackType": null
        }]
    }
}