{
    "AS_TitleBar_f32cc18519a749a59bb578c932852e95": {
        "id": "AS_TitleBar_f32cc18519a749a59bb578c932852e95",
        "type": "ACTION_SEQUENCE",
        "language": "js",
        "actions": [{
            "id": "INVOKE_FUNCTION___0fde0da76bf845968f0a687d42425372",
            "type": "INVOKE_FUNCTION",
            "sequenceKUID": "removeRestaurents",
            "display": "removeRestaurents",
            "inputparams": [],
            "parentId": null,
            "callbackType": null
        }]
    }
}