{
    "splashScreen": {
        "mobile": {
            "iphone": {
                "splashImage": "splash.png",
                "showLoadingIndicator": true
            },
            "android": {
                "showLoadingIndicator": false,
                "backgroundColor": "323d48"
            },
            "winphone8": {
                "showLoadingIndicator": false
            },
            "spa": {},
            "spaip": {},
            "spaan": {},
            "spawinphone8": {},
            "showLoadingIndicator": false,
            "splashImage": "splash.png"
        },
        "tablet": {
            "ipad": {
                "landscape": {}
            },
            "android": {},
            "windows8": {},
            "spa": {},
            "spaipad": {},
            "spaandroidtablet": {},
            "spawindowstablet": {},
            "windows10": {}
        },
        "desktop": {
            "desktopweb": {},
            "kiosk": {}
        }
    }
}