{
    "@class": "com.kony.gen.viz.model.component.KVizCheckBox",
    "DNDConfig": null,
    "__parentReadjusting__": false,
    "_height_": {
        "type": "string",
        "value": "120dp"
    },
    "_left_": {
        "type": "string",
        "value": "6%"
    },
    "_margin_": [
        0,
        0,
        0,
        0
    ],
    "_padding_": [
        4,
        0,
        0,
        0
    ],
    "_render_": true,
    "_skin_": "s5b2fed8d01b44c0b3ee4216a7a6e9f0",
    "_top_": {
        "type": "string",
        "value": "68%"
    },
    "_width_": {
        "type": "string",
        "value": "100%"
    },
    "android": {
        "render": true,
        "tickedImage": "check_btn_f.png",
        "untickedImage": "check_btn_f.png"
    },
    "canUpdateUI": true,
    "containerweight": 100,
    "groupcells": false,
    "id": "CheckBoxGroup0b0f5d1875e364d",
    "info": null,
    "ipad": {
        "psp": {
            "viewType": 4
        }
    },
    "iphone": {
        "psp": {
            "viewType": 4
        },
        "render": false
    },
    "isvisible": true,
    "itemorientation": "vertical",
    "kuid": "d6944fa556664e63acfa847cb389b08d",
    "masterdata": [
        [
            "cbg1",
            "Remember Me"
        ]
    ],
    "name": "kony.ui.CheckBoxGroup",
    "orientation": "vertical",
    "paddinginpixel": false,
    "parent": "loginContainer",
    "pf": "frmLogin",
    "selectedkey": null,
    "selectedkeys": [
        "cbg1"
    ],
    "selectedkeyvalue": null,
    "selectedkeyvalues": [
        [
            "cbg1",
            "Remember Me"
        ]
    ],
    "size": 18,
    "spaan": {
        "render": false
    },
    "spabb": {
        "render": false
    },
    "spaip": {
        "render": false
    },
    "spawinphone8": {
        "render": false
    },
    "viewtype": 0,
    "wType": "CheckBoxGroup",
    "widgetalignment": 5,
    "winphone8": {
        "render": false
    },
    "zindex": 1
}