{
    "DNDConfig": null,
    "__parentReadjusting__": false,
    "_height_": {
        "type": "string",
        "value": "10%"
    },
    "_left_": {
        "type": "string",
        "value": "6%"
    },
    "_margin_": [
        0,
        0,
        0,
        0
    ],
    "_padding_": [
        0,
        0,
        0,
        0
    ],
    "_render_": true,
    "_right_": {
        "type": "string",
        "value": "2%"
    },
    "_skin_": "s4f017ed309a499eb0c21235e28f53dd",
    "_top_": {
        "type": "string",
        "value": "68%"
    },
    "allboxes": [],
    "android": {
        "render": false
    },
    "autogrowmode": 0,
    "canUpdateUI": true,
    "children": [
        "lblSwitch",
        "Switch03dcb15500a7f43"
    ],
    "clipbounds": true,
    "containerweight": 100,
    "enabled": false,
    "enablescrolling": true,
    "id": "fcSwitch",
    "info": null,
    "iphone": {
        "render": true
    },
    "isvisible": true,
    "kuid": "e6ec2ba9f0494d238399d5c72e007206",
    "layouttype": 2,
    "name": "kony.ui.FlexContainer",
    "orientation": 6,
    "parent": "loginContainer",
    "percent": true,
    "pf": "frmLogin",
    "snapgridsize": 10,
    "snaptogrid": true,
    "spaan": {
        "render": false
    },
    "spabb": {
        "render": true
    },
    "spaip": {
        "render": false
    },
    "spawinphone8": {
        "render": false
    },
    "wType": "FlexContainer",
    "widgetalignment": 1,
    "winphone8": {
        "render": false
    },
    "zindex": 1
}