{
    "DNDConfig": null,
    "__parentReadjusting__": false,
    "_height_": {
        "type": "string",
        "value": "10%"
    },
    "_left_": {
        "type": "string",
        "value": "4%"
    },
    "_margin_": [
        0,
        0,
        0,
        0
    ],
    "_padding_": [
        0,
        0,
        0,
        0
    ],
    "_render_": true,
    "_right_": {
        "type": "string",
        "value": "4%"
    },
    "_skin_": "s2f38d7817d2498c9a7910d8385fca87",
    "_top_": {
        "type": "string",
        "value": "53%"
    },
    "allboxes": [],
    "autogrowmode": 0,
    "canUpdateUI": true,
    "children": [
        "CopylblSeparator0ba52bbe93a644a",
        "imgicon1",
        "txtBoxUserPswd"
    ],
    "clipbounds": true,
    "containerweight": 100,
    "enabled": false,
    "enablescrolling": true,
    "id": "fcUserPswd",
    "info": null,
    "isvisible": true,
    "kuid": "f8f9dfd955764f9387dad8ef5f9f13a0",
    "layouttype": 2,
    "name": "kony.ui.FlexContainer",
    "orientation": 6,
    "parent": "loginContainer",
    "percent": true,
    "pf": "frmLogin",
    "snapgridsize": 10,
    "snaptogrid": true,
    "wType": "FlexContainer",
    "widgetalignment": 1,
    "zindex": 1
}