{
    "@class": "com.kony.gen.viz.model.container.KVizScrollFlexForm",
    "DNDConfig": null,
    "_init_": "AS_Form_cc6d3719edab4037807254f5a17c49d2",
    "_margin_": [
        0,
        0,
        0,
        0
    ],
    "_padding_": [
        0,
        0,
        0,
        0
    ],
    "_render_": true,
    "_skin_": "sdbd55e7cae843d6a4be4c4213bf20bd",
    "_title_": null,
    "addWidgetsdone": false,
    "allboxes": [],
    "android": {
        "needAppMenu": false
    },
    "canUpdateUI": true,
    "children": [
        "loginContainer"
    ],
    "containerweight": 100,
    "contentoffsetx": 0,
    "contentoffsety": 0,
    "contentsizeheight": 0,
    "contentsizewidth": 0,
    "currentLocale": null,
    "desktopweb": {
        "needAppMenu": false
    },
    "device": "iPhone6",
    "displayorientation": 1,
    "enabled": false,
    "enabledforidletimeout": false,
    "id": "frmLogin",
    "ide_init": "AS_Form_cc6d3719edab4037807254f5a17c49d2",
    "ide_postShow": "AS_Form_24f504db645f4df0a3e742c828e241b5",
    "info": null,
    "initdone": false,
    "inputaccessoryviewtype": 4,
    "ipad": {
        "psp": {
            "inputAccessoryViewType": 4
        }
    },
    "iphone": {
        "needAppMenu": false,
        "psp": {
            "inputAccessoryViewType": 4,
            "titleBarConfig": {
                "buttonClosureLeftSideView": "",
                "buttonClosureRightSideView": "",
                "buttonText": "Edit",
                "leftButtonText": "Back",
                "leftTitle": "Back",
                "prevFormTitle": false,
                "renderTitleText": true,
                "rightTitle": "Edit",
                "titleBarLeftSideView": "button",
                "titleBarRightSideView": "button",
                "titleClosureLeftSideView": "",
                "titleClosureRightSideView": "",
                "visible": false
            }
        },
        "titleBar": false
    },
    "isvisible": true,
    "kuid": "412c778f25424689962af76fbfac1efc",
    "layouttype": 2,
    "name": "kony.ui.Form2",
    "needappmenu": true,
    "orientation": 1,
    "paddinginpixel": false,
    "percent": true,
    "platform": "iphone",
    "postshow": "AS_Form_24f504db645f4df0a3e742c828e241b5",
    "prevDevice": "GalaxyS5",
    "prevPlatform": "android",
    "retainscrollposition": false,
    "shellCSS": "iOS_iPhone6",
    "snapgridsize": 10,
    "snaptogrid": true,
    "spaan": {
        "needAppMenu": false
    },
    "spabb": {
        "needAppMenu": false
    },
    "spaip": {
        "needAppMenu": false
    },
    "spawinphone8": {
        "needAppMenu": false
    },
    "titleBarSkin": "sa1f21944341431ebbcaa9421c715af9",
    "titlebar": true,
    "type": 3,
    "wType": "Form",
    "widgetalignment": 5,
    "winphone8": {
        "needAppMenu": false
    }
}