{
    "@class": "com.kony.gen.viz.model.component.KVizImage2",
    "DNDConfig": null,
    "__parentReadjusting__": false,
    "_base64_": null,
    "_height_": {
        "type": "string",
        "value": "50%"
    },
    "_left_": {
        "type": "string",
        "value": "3%"
    },
    "_margin_": [
        0,
        0,
        0,
        0
    ],
    "_padding_": [
        0,
        0,
        0,
        0
    ],
    "_render_": true,
    "_skin_": "s7266d3a030f4486ab5b5225a3e8f492",
    "_src_": "login_pass_icon.png",
    "_top_": {
        "type": "string",
        "value": "25%"
    },
    "_width_": {
        "type": "string",
        "value": "12%"
    },
    "canUpdateUI": true,
    "containerweight": 100,
    "context": {
        "channel": "mobile",
        "formID": "frmLogin",
        "ispercent": true,
        "platform": "iphone",
        "templateType": "forms",
        "topLevelBox": null
    },
    "enabled": false,
    "id": "imgicon1",
    "imagescalemode": 1,
    "info": null,
    "invokedProperty": "src",
    "ispercent": true,
    "isvisible": true,
    "kuid": "4ba52c33103942579f56149902b20601",
    "name": "kony.ui.Image2",
    "parent": "fcUserPswd",
    "pf": "frmLogin",
    "srcType": 1,
    "wType": "Image",
    "widgetalignment": 5,
    "zindex": 1
}