{
    "@class": "com.kony.gen.viz.model.component.KVizSwitch",
    "DNDConfig": null,
    "__parentReadjusting__": false,
    "_enabled_": false,
    "_height_": {
        "type": "string",
        "value": "100%"
    },
    "_margin_": [
        0,
        0,
        0,
        0
    ],
    "_padding_": [
        0,
        0,
        0,
        0
    ],
    "_render_": true,
    "_right_": {
        "type": "string",
        "value": "0%"
    },
    "_skin_": "se5d8a4c61f740409e8c4698805b454b",
    "_top_": {
        "type": "string",
        "value": "0%"
    },
    "_width_": {
        "type": "string",
        "value": "20%"
    },
    "android": {
        "render": false
    },
    "canUpdateUI": true,
    "containerweight": 100,
    "id": "Switch03dcb15500a7f43",
    "info": null,
    "iphone": {
        "render": true
    },
    "isvisible": true,
    "kiosk": {
        "render": false
    },
    "kuid": "21767b117d1e4638888d32b0f1f2e8aa",
    "leftsidetext": "ON",
    "name": "kony.ui.Switch",
    "osPlatform": "iphone",
    "osVersion": "iOS7",
    "parent": "fcSwitch",
    "pf": "frmLogin",
    "rightsidetext": "OFF",
    "selectedindex": 0,
    "spaan": {
        "render": false
    },
    "spabb": {
        "render": true
    },
    "spaip": {
        "render": true
    },
    "spawinphone8": {
        "render": true
    },
    "wType": "Switch",
    "widgetalignment": 5,
    "winphone8": {
        "render": true
    },
    "zindex": 1
}