{
    "@class": "com.kony.gen.viz.model.component.KVizTextBox2",
    "DNDConfig": null,
    "__parentReadjusting__": false,
    "_height_": {
        "type": "string",
        "value": "100%"
    },
    "_left_": {
        "type": "string",
        "value": "18%"
    },
    "_margin_": [
        0,
        0,
        0,
        0
    ],
    "_padding_": [
        0,
        0,
        0,
        0
    ],
    "_placeholder_": "user id",
    "_render_": true,
    "_skin_": "s796ebfbfb3347ab89809d8748b589ea",
    "_text_": "",
    "_top_": {
        "type": "string",
        "value": "0%"
    },
    "_width_": {
        "type": "string",
        "value": "82%"
    },
    "autocapitalize": "none",
    "autocomplete": false,
    "autocorrect": false,
    "autofilter": false,
    "canUpdateUI": true,
    "containerheight": "",
    "containerheightmode": 1,
    "containerweight": 100,
    "contentalignment": 4,
    "enabled": false,
    "focusskin": "s796ebfbfb3347ab89809d8748b589ea",
    "id": "txtBoxUserId",
    "info": null,
    "isvisible": true,
    "keyboardtype": "A",
    "kuid": "54df1975cd4e4adbbadc4efbf9ef0f74",
    "mode": "A",
    "name": "kony.ui.TextBox2",
    "parent": "fcUserId",
    "pf": "frmLogin",
    "securetextentry": false,
    "textinputmode": "A",
    "tooltip": "",
    "viewtype": "default",
    "wType": "TextField",
    "widgetalignment": 5,
    "zindex": 1
}