{
  "android": {
    "font_name": "Helvetica"
  },
  "background_color": "ffffff00",
  "bg_type": "one",
  "border_color": "282828ff",
  "border_style": "plain",
  "border_type": 0,
  "border_width": 1,
  "desktopweb": {
    "font_name": "Helvetica"
  },
  "font_color": "ffffffff",
  "font_name": "Helvetica",
  "font_size": 125,
  "font_style": "normal",
  "font_weight": "normal",
  "ipad": {
    "font_name": "Helvetica"
  },
  "iphone": {
    "font_name": "HelveticaNeue"
  },
  "isDefaultSkin": false,
  "kiosk": {
    "font_name": "GenericMonospace"
  },
  "kuid": "sf6923ce00b74d5aa25ad00ad0d7fa9c",
  "spaan": {
    "font_name": "Helvetica"
  },
  "spaandroidtablet": {
    "font_name": "Helvetica"
  },
  "spabb": {
    "font_name": "Helvetica"
  },
  "spaip": {
    "font_name": "Helvetica"
  },
  "spaipad": {
    "font_name": "Helvetica"
  },
  "spawindowstablet": {
    "font_name": "Helvetica"
  },
  "spawinphone8": {
    "font_name": "Helvetica"
  },
  "tabrcandroid": {
    "font_name": "Helvetica"
  },
  "wType": "TextField",
  "windows8": {
    "font_name": "GenericMonospace"
  },
  "winphone8": {
    "font_name": "GenericMonospace"
  }
}