{
  "android": {
    "font_size": 135,
    "isForked": false
  },
  "background_color": "ffffff00",
  "bg_type": "one",
  "border_color": "000000ff",
  "border_style": "plain",
  "border_type": 0,
  "border_width": 0,
  "desktopweb": {
    "font_size": 135,
    "isForked": false
  },
  "fontSizeInPx": false,
  "font_color": "ffffffff",
  "font_name": "Helvetica",
  "font_size": 135,
  "font_style": "normal",
  "font_weight": "normal",
  "ipad": {
    "font_size": 135,
    "isForked": false
  },
  "iphone": {
    "font_size": 135,
    "isForked": false
  },
  "isDefaultSkin": false,
  "kiosk": {
    "font_size": 135,
    "isForked": false
  },
  "kuid": "s5b2fed8d01b44c0b3ee4216a7a6e9f0",
  "spaan": {
    "font_size": 135,
    "isForked": false
  },
  "spaandroidtablet": {
    "font_size": 135,
    "isForked": false
  },
  "spabb": {
    "font_size": 135,
    "isForked": false
  },
  "spaip": {
    "font_size": 135,
    "isForked": false
  },
  "spaipad": {
    "font_size": 135,
    "isForked": false
  },
  "spawindowstablet": {
    "font_size": 135,
    "isForked": false
  },
  "spawinphone8": {
    "font_size": 135,
    "isForked": false
  },
  "tabrcandroid": {
    "font_size": 135,
    "isForked": false
  },
  "wType": "CheckBoxGroup",
  "windows8": {
    "font_size": 135,
    "isForked": false
  },
  "winphone8": {
    "font_size": 135,
    "isForked": false
  }
}