{
  "android": {
    "font_name": "Helvetica"
  },
  "background_color": "427b06ff",
  "bg_type": "one",
  "border_color": "427b06ff",
  "border_radius": 3,
  "border_style": "custom",
  "border_type": 0,
  "border_width": 1,
  "desktopweb": {
    "font_name": "Helvetica"
  },
  "font_color": "ffffffff",
  "font_name": "Helvetica",
  "font_size": 100,
  "font_style": "normal",
  "font_weight": "normal",
  "ipad": {
    "font_name": "Helvetica"
  },
  "iphone": {
    "font_name": "Helvetica"
  },
  "isDefaultSkin": false,
  "kiosk": {
    "font_name": "GenericMonospace"
  },
  "kuid": "s56fc185c4d94b5d8275c5784733327a",
  "spaan": {
    "font_name": "Helvetica"
  },
  "spaandroidtablet": {
    "font_name": "Helvetica"
  },
  "spabb": {
    "font_name": "Helvetica"
  },
  "spaip": {
    "font_name": "Helvetica"
  },
  "spaipad": {
    "font_name": "Helvetica"
  },
  "spawindowstablet": {
    "font_name": "Helvetica"
  },
  "spawinphone8": {
    "font_name": "Helvetica"
  },
  "tabrcandroid": {
    "font_name": "Helvetica"
  },
  "wType": "Label",
  "windows8": {
    "font_name": "GenericMonospace"
  },
  "winphone8": {
    "font_name": "GenericMonospace"
  }
}