{
  "android": {
    "font_name": "Helvetica"
  },
  "background_color": "00000000",
  "bg_type": "one",
  "border_color": "424242ff",
  "border_style": "plain",
  "border_type": 0,
  "border_width": 0,
  "desktopweb": {
    "font_name": "Helvetica"
  },
  "font_color": "ffffffff",
  "font_name": "Helvetica",
  "font_size": 130,
  "font_style": "normal",
  "font_weight": "normal",
  "ipad": {
    "font_name": "Helvetica"
  },
  "iphone": {
    "font_name": "HelveticaNeue-Light"
  },
  "isDefaultSkin": false,
  "kiosk": {
    "font_name": "GenericMonospace"
  },
  "kuid": "s1d944ace0be4558a04188cf0e2f5dbd",
  "spaan": {
    "font_name": "Helvetica"
  },
  "spaandroidtablet": {
    "font_name": "Helvetica"
  },
  "spabb": {
    "font_name": "Helvetica"
  },
  "spaip": {
    "font_name": "Helvetica"
  },
  "spaipad": {
    "font_name": "Helvetica"
  },
  "spawindowstablet": {
    "font_name": "Helvetica"
  },
  "spawinphone8": {
    "font_name": "Helvetica"
  },
  "tabrcandroid": {
    "font_name": "Helvetica"
  },
  "wType": "Label",
  "windows8": {
    "font_name": "GenericMonospace"
  },
  "winphone8": {
    "font_name": "GenericMonospace"
  }
}