{
  "background_left_color": "48d874ff",
  "background_right_color": "ffffff00",
  "bg_type": "one",
  "border_color": "000000ff",
  "border_style": "plain",
  "border_type": 0,
  "border_width": 0,
  "font_name": "Helvetica",
  "font_size": 156,
  "font_style": "normal",
  "font_weight": "normal",
  "ipad": {
    "thumb_color": "ffffff",
    "tint_color": "e8e8e8"
  },
  "iphone": {
    "thumb_color": "ffffff",
    "tint_color": "e8e8e8"
  },
  "isDefaultSkin": true,
  "kuid": "se5d8a4c61f740409e8c4698805b454b",
  "left_font_color": "ffffffff",
  "right_font_color": "ffffffff",
  "wType": "Switch"
}