{
    "@class": "com.kony.gen.viz.model.component.KVizButton",
    "DNDConfig": null,
    "__parentReadjusting__": false,
    "_enabled_": false,
    "_height_": {
        "type": "string",
        "value": "40%"
    },
    "_left_": {
        "type": "string",
        "value": "7dp"
    },
    "_margin_": [
        6,
        6,
        6,
        6
    ],
    "_padding_": [
        0,
        0,
        0,
        0
    ],
    "_render_": true,
    "_skin_": "sd2728eeba0d4770a5cdfd653687dc21",
    "_text_": "",
    "_top_": {
        "type": "string",
        "value": "32%"
    },
    "_width_": {
        "type": "string",
        "value": "70dp"
    },
    "canUpdateUI": true,
    "containerweight": 100,
    "contentalignment": 5,
    "displaytext": true,
    "focusskin": "sd2728eeba0d4770a5cdfd653687dc21",
    "id": "btnBack",
    "ide_onClick": "AS_Button_604431158ee04a4aa2b804008a9e706b",
    "info": null,
    "isvisible": true,
    "kuid": "6156fdc4286c420e97cda21ce822c860",
    "name": "kony.ui.Button",
    "onclick": "AS_Button_604431158ee04a4aa2b804008a9e706b",
    "parent": "fcTitle",
    "pf": "frmFavorite",
    "wType": "Button",
    "widgetalignment": 5,
    "zindex": 10
}