{
    "DNDConfig": null,
    "__parentReadjusting__": false,
    "_height_": {
        "type": "string",
        "value": "9%"
    },
    "_left_": {
        "type": "string",
        "value": "0px"
    },
    "_margin_": [
        0,
        0,
        0,
        0
    ],
    "_padding_": [
        0,
        0,
        0,
        0
    ],
    "_render_": true,
    "_skin_": "s9ec461af5054f12aacda4e3128c37b7",
    "_top_": {
        "type": "string",
        "value": "0%"
    },
    "_width_": {
        "type": "string",
        "value": "100%"
    },
    "allboxes": [],
    "autogrowmode": 0,
    "canUpdateUI": true,
    "children": [
        "lblTitle",
        "btnBack",
        "btnLogout"
    ],
    "clipbounds": false,
    "containerweight": 100,
    "enabled": false,
    "enablescrolling": true,
    "id": "fcTitle",
    "info": null,
    "isvisible": true,
    "kuid": "fc318e7f84d94e96ad19f0eb5a66a0aa",
    "layouttype": 2,
    "name": "kony.ui.FlexContainer",
    "orientation": 6,
    "parent": "frmFavorite",
    "percent": true,
    "pf": "frmFavorite",
    "snapgridsize": 10,
    "snaptogrid": true,
    "wType": "FlexContainer",
    "widgetalignment": 1,
    "zindex": 10
}