{
    "@class": "com.kony.gen.viz.model.container.KVizSegment2",
    "DNDConfig": null,
    "__parentReadjusting__": false,
    "_data_": [
        {
            "imgDelete": {
                "@class": "com.viz.ide.model.segment.ImageSegmentData",
                "src": "delete.png"
            },
            "imgMore": {
                "@class": "com.viz.ide.model.segment.ImageSegmentData",
                "src": "more.png"
            },
            "imgResIcon": {
                "@class": "com.viz.ide.model.segment.ImageSegmentData",
                "src": "img1.png"
            },
            "lblLine": {
                "@class": "com.viz.ide.model.segment.SimpleTextSegmentData",
                "text": ""
            },
            "lblResInfo": {
                "@class": "com.viz.ide.model.segment.SimpleTextSegmentData",
                "text": "Best Pizza"
            },
            "lblResName": {
                "@class": "com.viz.ide.model.segment.SimpleTextSegmentData",
                "text": "Dominos Pizza"
            }
        },
        {
            "imgDelete": {
                "@class": "com.viz.ide.model.segment.ImageSegmentData",
                "src": "delete.png"
            },
            "imgMore": {
                "@class": "com.viz.ide.model.segment.ImageSegmentData",
                "src": "more.png"
            },
            "imgResIcon": {
                "@class": "com.viz.ide.model.segment.ImageSegmentData",
                "src": "img2.png"
            },
            "lblLine": {
                "@class": "com.viz.ide.model.segment.SimpleTextSegmentData",
                "text": ""
            },
            "lblResInfo": {
                "@class": "com.viz.ide.model.segment.SimpleTextSegmentData",
                "text": "Best Pizza"
            },
            "lblResName": {
                "@class": "com.viz.ide.model.segment.SimpleTextSegmentData",
                "text": "Dominos Pizza"
            }
        },
        {
            "imgDelete": {
                "@class": "com.viz.ide.model.segment.ImageSegmentData",
                "src": "delete.png"
            },
            "imgMore": {
                "@class": "com.viz.ide.model.segment.ImageSegmentData",
                "src": "more.png"
            },
            "imgResIcon": {
                "@class": "com.viz.ide.model.segment.ImageSegmentData",
                "src": "img3.png"
            },
            "lblLine": {
                "@class": "com.viz.ide.model.segment.SimpleTextSegmentData",
                "text": ""
            },
            "lblResInfo": {
                "@class": "com.viz.ide.model.segment.SimpleTextSegmentData",
                "text": "Best Pizza"
            },
            "lblResName": {
                "@class": "com.viz.ide.model.segment.SimpleTextSegmentData",
                "text": "Dominos Pizza"
            }
        }
    ],
    "_enabled_": false,
    "_height_": {
        "type": "ref",
        "value": "preferred"
    },
    "_indicator_": "none",
    "_left_": {
        "type": "string",
        "value": "0%"
    },
    "_margin_": [
        0,
        0,
        0,
        0
    ],
    "_orientation_": 2,
    "_padding_": [
        0,
        0,
        0,
        0
    ],
    "_render_": true,
    "_rowtemplateid": "favTemplate",
    "_top_": {
        "type": "string",
        "value": "0%"
    },
    "_width_": {
        "type": "string",
        "value": "100%"
    },
    "autogrowmode": 1,
    "canUpdateUI": true,
    "containerweight": 100,
    "counter": "02",
    "focusedindex": null,
    "focuseditem": null,
    "generatedtemplate": "f165ba8c50e74246ab0800fac978cbd0",
    "groupcells": false,
    "hasSections": false,
    "id": "segFavRestaurents",
    "info": null,
    "ipad": {
        "psp": {
            "indicator": "rowselect"
        }
    },
    "iphone": {
        "psp": {
            "bounces": false,
            "indicator": "none"
        }
    },
    "isvisible": true,
    "kuid": "fabce769629248eaae3c364023da53b0",
    "masterdata": {},
    "name": "kony.ui.SegmentedUI2",
    "needpageindicator": true,
    "pageoffdotimage": "pageoffdot.png",
    "pageondotimage": "pageondot.png",
    "paginationconfig": {
        "position": "bottom"
    },
    "parent": "fcFrmContainer",
    "pf": "frmFavorite",
    "retainselection": false,
    "rowTemplateId": "a29bcabb4c6c4bb5b6f38a24217a57f4",
    "rowcounter": 2,
    "rowfocusskin": "s2c3915b90a74d2ca3d165077743a7b5",
    "rowskin": "s1cf81e2c5814641983ca7e23b3eaf61",
    "rowtemplate": "FlexContainerFavorite",
    "screenlevelwidget": false,
    "seccounter": 0,
    "sectionHeaderTemplateId": null,
    "sectionheaderskin": "s5dcf5786ff140d0a6444670d4071291",
    "selectedRows": null,
    "selectedState": false,
    "selectedindex": null,
    "selectedindices": null,
    "selecteditems": null,
    "selectedsectionindex": 0,
    "selectionbehavior": "default",
    "separatorcolor": "3c610500",
    "separatorrequired": false,
    "separatorthickness": 20,
    "showscrollbars": false,
    "viewtype": "tableview",
    "wType": "Segment",
    "widgetalignment": 5,
    "widgetdatamap": {
        "FlexContainerDeleteBtn": "FlexContainerDeleteBtn",
        "FlexContainerFavorite": "FlexContainerFavorite",
        "FlexContainerMoreBtn": "FlexContainerMoreBtn",
        "fcResDetails": "fcResDetails",
        "imgDelete": "imgDelete",
        "imgMore": "imgMore",
        "imgResIcon": "imgResIcon",
        "lblLine": "lblLine",
        "lblResInfo": "lblResInfo",
        "lblResName": "lblResName"
    }
}