{
    "@class": "com.kony.gen.viz.model.component.KVizButton",
    "DNDConfig": null,
    "__parentReadjusting__": false,
    "_enabled_": false,
    "_height_": {
        "type": "string",
        "value": "40%"
    },
    "_left_": {
        "type": "string",
        "value": "7dp"
    },
    "_margin_": [
        6,
        6,
        6,
        6
    ],
    "_padding_": [
        0,
        0,
        0,
        0
    ],
    "_render_": true,
    "_skin_": "sdd47edd6a7e432cac77a6db8b170ee3",
    "_text_": "",
    "_top_": {
        "type": "string",
        "value": "32%"
    },
    "_width_": {
        "type": "string",
        "value": "70dp"
    },
    "canUpdateUI": true,
    "containerweight": 100,
    "contentalignment": 5,
    "displaytext": true,
    "focusskin": "sdd47edd6a7e432cac77a6db8b170ee3",
    "id": "btnFavorites",
    "ide_onClick": "AS_Button_b6b561388e5942b285974b7aaf09ab9f",
    "info": null,
    "isvisible": true,
    "kuid": "4067f855096c40b79e23d66dd97f5bcc",
    "name": "kony.ui.Button",
    "onclick": "AS_Button_b6b561388e5942b285974b7aaf09ab9f",
    "parent": "fcTitle",
    "pf": "frmHome",
    "wType": "Button",
    "widgetalignment": 5,
    "zindex": 10
}