{
    "@class": "com.kony.gen.viz.model.component.KVizButton",
    "DNDConfig": null,
    "__parentReadjusting__": false,
    "_enabled_": false,
    "_height_": {
        "type": "string",
        "value": "50dp"
    },
    "_left_": {
        "type": "string",
        "value": "0dp"
    },
    "_margin_": [
        6,
        6,
        6,
        6
    ],
    "_padding_": [
        0,
        0,
        0,
        0
    ],
    "_render_": true,
    "_skin_": "s6d535603ce146388ebc34afc428e69a",
    "_text_": "Add",
    "_top_": {
        "type": "string",
        "value": "0dp"
    },
    "_width_": {
        "type": "string",
        "value": "50%"
    },
    "canUpdateUI": true,
    "containerweight": 100,
    "contentalignment": 5,
    "displaytext": true,
    "focusskin": "s4e0322e4f174715887416830e0a11a1",
    "id": "Button077b6130fce3d46",
    "ide_onClick": "AS_Button_dbf5be30e7b5481ca6c50234170f4002",
    "info": null,
    "isvisible": true,
    "kuid": "246fad06b7b24167a8302f6420296fc5",
    "name": "kony.ui.Button",
    "onclick": "AS_Button_dbf5be30e7b5481ca6c50234170f4002",
    "parent": "FlexContainer0ccecc465000a43",
    "pf": "frmHome",
    "wType": "Button",
    "widgetalignment": 5
}