{
    "@class": "com.kony.gen.viz.model.component.KVizButton",
    "DNDConfig": null,
    "__parentReadjusting__": false,
    "_enabled_": false,
    "_height_": {
        "type": "string",
        "value": "50dp"
    },
    "_left_": {
        "type": "string",
        "value": "50%"
    },
    "_margin_": [
        6,
        6,
        6,
        6
    ],
    "_padding_": [
        0,
        0,
        0,
        0
    ],
    "_render_": true,
    "_skin_": "s6d535603ce146388ebc34afc428e69a",
    "_text_": "Remove",
    "_top_": {
        "type": "string",
        "value": "0dp"
    },
    "_width_": {
        "type": "string",
        "value": "50%"
    },
    "canUpdateUI": true,
    "containerweight": 100,
    "contentalignment": 5,
    "displaytext": true,
    "focusskin": "s4e0322e4f174715887416830e0a11a1",
    "id": "Button0243bef6030b74d",
    "ide_onClick": "AS_Button_1d68940a89594958a42bacc12f78bb08",
    "info": null,
    "isvisible": true,
    "kuid": "375f8fc7586d46bc9221a9c9c848d79b",
    "name": "kony.ui.Button",
    "onclick": "AS_Button_1d68940a89594958a42bacc12f78bb08",
    "parent": "FlexContainer0ccecc465000a43",
    "pf": "frmHome",
    "wType": "Button",
    "widgetalignment": 5,
    "zindex": 1
}