{
    "@class": "com.kony.gen.viz.model.container.KVizScrollFlexForm",
    "DNDConfig": null,
    "_margin_": [
        0,
        0,
        0,
        0
    ],
    "_padding_": [
        0,
        0,
        0,
        0
    ],
    "_render_": true,
    "_skin_": "s4c239ca064c41f29fafc526d710bcd6",
    "_title_": "Home",
    "addWidgetsdone": false,
    "allboxes": [],
    "android": {
        "needAppMenu": false
    },
    "canUpdateUI": true,
    "children": [
        "fcTitle",
        "segmentRestaurentList",
        "FlexContainer0ccecc465000a43"
    ],
    "containerweight": 100,
    "contentoffsetx": 0,
    "contentoffsety": 0,
    "contentsizeheight": 0,
    "contentsizewidth": 0,
    "currentLocale": null,
    "desktopweb": {
        "needAppMenu": false
    },
    "device": "iPhone6",
    "displayorientation": 1,
    "enabled": false,
    "enabledforidletimeout": false,
    "id": "frmHome",
    "ide_postShow": "AS_Form_d5e1ebbbfcca4bb5a2d80b58975865d4",
    "ide_preShow": "AS_Form_9668d973e74e4b14b3ed226faa287aa5",
    "info": null,
    "initdone": false,
    "inputaccessoryviewtype": 4,
    "ipad": {
        "psp": {
            "inputAccessoryViewType": 4
        }
    },
    "iphone": {
        "needAppMenu": false,
        "psp": {
            "inputAccessoryViewType": 4,
            "titleBarConfig": {
                "buttonClosureLeftSideView": "AS_TitleBar_f32cc18519a749a59bb578c932852e95",
                "buttonClosureRightSideView": "AS_TitleBar_030774e7928a4470868971424d994218",
                "buttonText": "",
                "ide_buttonClosureLeftSideView": "AS_TitleBar_f32cc18519a749a59bb578c932852e95",
                "ide_buttonClosureRightSideView": "AS_TitleBar_030774e7928a4470868971424d994218",
                "imageLeftSideView": "favorites.png",
                "imageRightSideView": "logout.png",
                "leftButtonText": "",
                "leftTitle": "Back",
                "prevFormTitle": false,
                "renderTitleText": true,
                "rightTitle": "Edit",
                "titleBarLeftSideView": "button",
                "titleBarRightSideView": "button",
                "titleClosureLeftSideView": "",
                "titleClosureRightSideView": "",
                "visible": false
            }
        },
        "titleBar": false
    },
    "isvisible": true,
    "kuid": "37680ca2c04e4806a51d8d2b12f736eb",
    "layouttype": 2,
    "name": "kony.ui.Form2",
    "needappmenu": true,
    "orientation": 1,
    "paddinginpixel": false,
    "percent": true,
    "platform": "iphone",
    "postshow": "AS_Form_d5e1ebbbfcca4bb5a2d80b58975865d4",
    "preshow": "AS_Form_9668d973e74e4b14b3ed226faa287aa5",
    "prevDevice": "GalaxyS5",
    "prevPlatform": "android",
    "retainscrollposition": false,
    "shellCSS": "iOS_iPhone6",
    "snapgridsize": 10,
    "snaptogrid": true,
    "spaan": {
        "needAppMenu": false
    },
    "spabb": {
        "needAppMenu": false
    },
    "spaip": {
        "needAppMenu": false
    },
    "spawinphone8": {
        "needAppMenu": false
    },
    "titleBarSkin": "sf4e9c0e12b141698a1823eef22b7e95",
    "titlebar": false,
    "type": 3,
    "wType": "Form",
    "widgetalignment": 5,
    "winphone8": {
        "needAppMenu": false
    }
}