{
    "@class": "com.kony.gen.viz.model.container.KVizSegment2",
    "DNDConfig": null,
    "__parentReadjusting__": false,
    "_data_": [
        {
            "imgResIcon": {
                "@class": "com.viz.ide.model.segment.ImageSegmentData",
                "src": "imagedrag.png"
            },
            "lblLine": {
                "@class": "com.viz.ide.model.segment.SimpleTextSegmentData",
                "text": ""
            },
            "lblResInfo": {
                "@class": "com.viz.ide.model.segment.SimpleTextSegmentData",
                "text": "Best Pizza"
            },
            "lblResName": {
                "@class": "com.viz.ide.model.segment.SimpleTextSegmentData",
                "text": "Dominos Pizza"
            }
        }
    ],
    "_enabled_": false,
    "_height_": {
        "type": "string",
        "value": "91%"
    },
    "_indicator_": "none",
    "_left_": {
        "type": "string",
        "value": "0%"
    },
    "_margin_": [
        0,
        0,
        0,
        0
    ],
    "_orientation_": 2,
    "_padding_": [
        0,
        0,
        0,
        0
    ],
    "_render_": true,
    "_rowtemplateid": "resTemplate",
    "_top_": {
        "type": "string",
        "value": "9%"
    },
    "_width_": {
        "type": "string",
        "value": "100%"
    },
    "autogrowmode": 0,
    "canUpdateUI": true,
    "containerweight": 100,
    "counter": "00",
    "focusedindex": null,
    "focuseditem": null,
    "generatedtemplate": "30805474319b40bd90bdf015dc789306",
    "groupcells": false,
    "hasSections": false,
    "id": "segmentRestaurentList",
    "ide_onRowClick": "AS_Segment_df46bfdce97f4382bcd85438f80ebb5b",
    "info": null,
    "ipad": {
        "psp": {
            "indicator": "rowselect"
        }
    },
    "iphone": {
        "psp": {
            "indicator": "none",
            "searchBy": null,
            "showProgressIndicator": false
        }
    },
    "isvisible": true,
    "kuid": "c5380104441b4ec89e122fc2ee31b2c7",
    "masterdata": {},
    "name": "kony.ui.SegmentedUI2",
    "needpageindicator": true,
    "onrowclick": "AS_Segment_df46bfdce97f4382bcd85438f80ebb5b",
    "pageoffdotimage": "pageoffdot.png",
    "pageondotimage": "pageondot.png",
    "paginationconfig": {
        "position": "bottom"
    },
    "parent": "frmHome",
    "pf": "frmHome",
    "retainselection": false,
    "rowTemplateId": "2194f894e8b847eb93ea935ddbf808c7",
    "rowcounter": 0,
    "rowfocusskin": "sd66c5eec53a43b4b79a0349ff8ff71d",
    "rowskin": "sebd497a45184d06bf4d9f2d5f9b84f9",
    "rowtemplate": "fcResDetailfcResDetail",
    "screenlevelwidget": false,
    "searchBy": "lblResName",
    "seccounter": 0,
    "sectionheaderskin": "s5dcf5786ff140d0a6444670d4071291",
    "selectedRows": null,
    "selectedState": false,
    "selectedindex": null,
    "selectedindices": null,
    "selecteditems": null,
    "selectedsectionindex": 0,
    "selectionbehavior": "default",
    "separatorcolor": "c8c7cc64",
    "separatorrequired": false,
    "separatorthickness": 0,
    "showscrollbars": false,
    "viewtype": "tableview",
    "wType": "Segment",
    "widgetalignment": 5,
    "widgetdatamap": {
        "fcResDetailfcResDetail": "fcResDetailfcResDetail",
        "imgResIcon": "imgResIcon",
        "lblLine": "lblLine",
        "lblResInfo": "lblResInfo",
        "lblResName": "lblResName"
    }
}